{
  "ablation": {
    "baseline_smnist": {
      "mean": 0.9774,
      "std": 0.0005000000000000004,
      "values": [
        0.9769,
        0.9779
      ]
    },
    "noise_smnist": {
      "mean": 0.9745,
      "std": 0.0,
      "values": [
        0.9745
      ]
    },
    "pulse_smnist": {
      "mean": 0.9795,
      "std": 0.0014000000000000123,
      "values": [
        0.9809,
        0.9781
      ]
    },
    "self_attend_smnist": {
      "mean": 0.98045,
      "std": 0.0011500000000000399,
      "values": [
        0.9793,
        0.9816
      ]
    },
    "full_pdna_smnist": {
      "mean": 0.9802500000000001,
      "std": 0.0011500000000000399,
      "values": [
        0.9814,
        0.9791
      ]
    },
    "full_idle_smnist": {
      "mean": 0.9802500000000001,
      "std": 0.0011500000000000399,
      "values": [
        0.9814,
        0.9791
      ]
    },
    "baseline_adding": {
      "mean": 0.5125,
      "std": 0.0010000000000000009,
      "values": [
        0.5115,
        0.5135
      ]
    },
    "noise_adding": {
      "mean": 0.524,
      "std": 0.004500000000000004,
      "values": [
        0.5285,
        0.5195
      ]
    },
    "pulse_adding": {
      "mean": 0.512,
      "std": 0.0010000000000000009,
      "values": [
        0.511,
        0.513
      ]
    },
    "self_attend_adding": {
      "mean": 0.5265,
      "std": 0.024500000000000022,
      "values": [
        0.502,
        0.551
      ]
    },
    "full_pdna_adding": {
      "mean": 0.5137499999999999,
      "std": 0.0047499999999999765,
      "values": [
        0.5185,
        0.509
      ]
    },
    "full_idle_adding": {
      "mean": 0.5137499999999999,
      "std": 0.0047499999999999765,
      "values": [
        0.5185,
        0.509
      ]
    }
  },
  "degradation": {
    "baseline_smnist": {
      "mean_degradation": 0.7291000000000001,
      "std_degradation": 0.03860000000000002,
      "gap_accuracies": {
        "gap_0": {
          "mean": 0.9774,
          "std": 0.0005000000000000004
        },
        "gap_5": {
          "mean": 0.94505,
          "std": 0.00764999999999999
        },
        "gap_15": {
          "mean": 0.4454,
          "std": 0.0587
        },
        "gap_30": {
          "mean": 0.2483,
          "std": 0.039099999999999996
        },
        "multi_gap": {
          "mean": 0.8506,
          "std": 0.06209999999999999
        }
      }
    },
    "noise_smnist": {
      "mean_degradation": 0.7362,
      "std_degradation": 0.0,
      "gap_accuracies": {
        "gap_0": {
          "mean": 0.9745,
          "std": 0.0
        },
        "gap_5": {
          "mean": 0.9322,
          "std": 0.0
        },
        "gap_15": {
          "mean": 0.4724,
          "std": 0.0
        },
        "gap_30": {
          "mean": 0.2383,
          "std": 0.0
        },
        "multi_gap": {
          "mean": 0.8006,
          "std": 0.0
        }
      }
    },
    "pulse_smnist": {
      "mean_degradation": 0.70265,
      "std_degradation": 0.04465000000000002,
      "gap_accuracies": {
        "gap_0": {
          "mean": 0.9795,
          "std": 0.0014000000000000123
        },
        "gap_5": {
          "mean": 0.9586,
          "std": 0.0031999999999999806
        },
        "gap_15": {
          "mean": 0.43955,
          "std": 0.06205000000000002
        },
        "gap_30": {
          "mean": 0.27685,
          "std": 0.04325
        },
        "multi_gap": {
          "mean": 0.9357,
          "std": 0.006800000000000028
        }
      }
    },
    "self_attend_smnist": {
      "mean_degradation": 0.67835,
      "std_degradation": 0.018850000000000033,
      "gap_accuracies": {
        "gap_0": {
          "mean": 0.98045,
          "std": 0.0011500000000000399
        },
        "gap_5": {
          "mean": 0.9464999999999999,
          "std": 0.007500000000000007
        },
        "gap_15": {
          "mean": 0.5164,
          "std": 0.030099999999999988
        },
        "gap_30": {
          "mean": 0.3021,
          "std": 0.017699999999999994
        },
        "multi_gap": {
          "mean": 0.8708,
          "std": 0.04749999999999999
        }
      }
    },
    "full_pdna_smnist": {
      "mean_degradation": 0.6879,
      "std_degradation": 0.008299999999999974,
      "gap_accuracies": {
        "gap_0": {
          "mean": 0.9802500000000001,
          "std": 0.0011500000000000399
        },
        "gap_5": {
          "mean": 0.95975,
          "std": 0.003249999999999975
        },
        "gap_15": {
          "mean": 0.4816,
          "std": 0.0378
        },
        "gap_30": {
          "mean": 0.29235,
          "std": 0.009450000000000014
        },
        "multi_gap": {
          "mean": 0.9268000000000001,
          "std": 0.012500000000000011
        }
      }
    },
    "full_idle_smnist": {
      "mean_degradation": 0.6879,
      "std_degradation": 0.008299999999999974,
      "gap_accuracies": {
        "gap_0": {
          "mean": 0.9802500000000001,
          "std": 0.0011500000000000399
        },
        "gap_5": {
          "mean": 0.95975,
          "std": 0.003249999999999975
        },
        "gap_15": {
          "mean": 0.4816,
          "std": 0.0378
        },
        "gap_30": {
          "mean": 0.29235,
          "std": 0.009450000000000014
        },
        "multi_gap": {
          "mean": 0.9268000000000001,
          "std": 0.012500000000000011
        }
      }
    },
    "baseline_adding": {
      "mean_degradation": 0.0,
      "std_degradation": 0.006000000000000005,
      "gap_accuracies": {
        "gap_0": {
          "mean": 0.5125,
          "std": 0.0010000000000000009
        },
        "gap_5": {
          "mean": 0.5135,
          "std": 0.0020000000000000018
        },
        "gap_15": {
          "mean": 0.5149999999999999,
          "std": 0.003500000000000003
        },
        "gap_30": {
          "mean": 0.5125,
          "std": 0.0050000000000000044
        },
        "multi_gap": {
          "mean": 0.49974999999999997,
          "std": 0.005749999999999977
        }
      }
    },
    "noise_adding": {
      "mean_degradation": -0.020750000000000046,
      "std_degradation": 0.02124999999999999,
      "gap_accuracies": {
        "gap_0": {
          "mean": 0.524,
          "std": 0.004500000000000004
        },
        "gap_5": {
          "mean": 0.53,
          "std": 0.008500000000000008
        },
        "gap_15": {
          "mean": 0.53825,
          "std": 0.017750000000000044
        },
        "gap_30": {
          "mean": 0.5447500000000001,
          "std": 0.025749999999999995
        },
        "multi_gap": {
          "mean": 0.53625,
          "std": 0.017249999999999988
        }
      }
    },
    "pulse_adding": {
      "mean_degradation": -0.006749999999999978,
      "std_degradation": 0.007749999999999979,
      "gap_accuracies": {
        "gap_0": {
          "mean": 0.512,
          "std": 0.0010000000000000009
        },
        "gap_5": {
          "mean": 0.506,
          "std": 0.007000000000000006
        },
        "gap_15": {
          "mean": 0.5065,
          "std": 0.006500000000000006
        },
        "gap_30": {
          "mean": 0.51875,
          "std": 0.006749999999999978
        },
        "multi_gap": {
          "mean": 0.50225,
          "std": 0.004750000000000004
        }
      }
    },
    "self_attend_adding": {
      "mean_degradation": 0.0045000000000000595,
      "std_degradation": 0.0030000000000000027,
      "gap_accuracies": {
        "gap_0": {
          "mean": 0.5265,
          "std": 0.024500000000000022
        },
        "gap_5": {
          "mean": 0.524,
          "std": 0.02100000000000002
        },
        "gap_15": {
          "mean": 0.52275,
          "std": 0.01974999999999999
        },
        "gap_30": {
          "mean": 0.522,
          "std": 0.02150000000000002
        },
        "multi_gap": {
          "mean": 0.51825,